USE [master]
GO
CREATE DATABASE [QuanLySanPham]
 CONTAINMENT = NONE
 go
ALTER DATABASE [QuanLySanPham] SET COMPATIBILITY_LEVEL = 120
GO
IF (1 = FULLTEXTSERVICEPROPERTY('IsFullTextInstalled'))
begin
EXEC [QuanLySanPham].[dbo].[sp_fulltext_database] @action = 'enable'
end
GO
ALTER DATABASE [QuanLySanPham] SET ANSI_NULL_DEFAULT OFF 
GO
ALTER DATABASE [QuanLySanPham] SET ANSI_NULLS OFF 
GO
ALTER DATABASE [QuanLySanPham] SET ANSI_PADDING OFF 
GO
ALTER DATABASE [QuanLySanPham] SET ANSI_WARNINGS OFF 
GO
ALTER DATABASE [QuanLySanPham] SET ARITHABORT OFF 
GO
ALTER DATABASE [QuanLySanPham] SET AUTO_CLOSE OFF 
GO
ALTER DATABASE [QuanLySanPham] SET AUTO_SHRINK OFF 
GO
ALTER DATABASE [QuanLySanPham] SET AUTO_UPDATE_STATISTICS ON 
GO
ALTER DATABASE [QuanLySanPham] SET CURSOR_CLOSE_ON_COMMIT OFF 
GO
ALTER DATABASE [QuanLySanPham] SET CURSOR_DEFAULT  GLOBAL 
GO
ALTER DATABASE [QuanLySanPham] SET CONCAT_NULL_YIELDS_NULL OFF 
GO
ALTER DATABASE [QuanLySanPham] SET NUMERIC_ROUNDABORT OFF 
GO
ALTER DATABASE [QuanLySanPham] SET QUOTED_IDENTIFIER OFF 
GO
ALTER DATABASE [QuanLySanPham] SET RECURSIVE_TRIGGERS OFF 
GO
ALTER DATABASE [QuanLySanPham] SET  DISABLE_BROKER 
GO
ALTER DATABASE [QuanLySanPham] SET AUTO_UPDATE_STATISTICS_ASYNC OFF 
GO
ALTER DATABASE [QuanLySanPham] SET DATE_CORRELATION_OPTIMIZATION OFF 
GO
ALTER DATABASE [QuanLySanPham] SET TRUSTWORTHY OFF 
GO
ALTER DATABASE [QuanLySanPham] SET ALLOW_SNAPSHOT_ISOLATION OFF 
GO
ALTER DATABASE [QuanLySanPham] SET PARAMETERIZATION SIMPLE 
GO
ALTER DATABASE [QuanLySanPham] SET READ_COMMITTED_SNAPSHOT OFF 
GO
ALTER DATABASE [QuanLySanPham] SET HONOR_BROKER_PRIORITY OFF 
GO
ALTER DATABASE [QuanLySanPham] SET RECOVERY FULL 
GO
ALTER DATABASE [QuanLySanPham] SET  MULTI_USER 
GO
ALTER DATABASE [QuanLySanPham] SET PAGE_VERIFY CHECKSUM  
GO
ALTER DATABASE [QuanLySanPham] SET DB_CHAINING OFF 
GO
ALTER DATABASE [QuanLySanPham] SET FILESTREAM( NON_TRANSACTED_ACCESS = OFF ) 
GO
ALTER DATABASE [QuanLySanPham] SET TARGET_RECOVERY_TIME = 0 SECONDS 
GO
ALTER DATABASE [QuanLySanPham] SET DELAYED_DURABILITY = DISABLED 
GO
EXEC sys.sp_db_vardecimal_storage_format N'QuanLySanPham', N'ON'
GO
USE [QuanLySanPham]
GO

SET ANSI_NULLS ON
GO
SET QUOTED_IDENTIFIER ON
GO
CREATE TABLE [dbo].[ChiTietHoaDon](
	[MaCTHD] [int] IDENTITY(1,1) NOT NULL,
	[MaHoaDon] [int] NOT NULL,
	[MaSanPham] [int] NOT NULL,
	[SoLuong] [int] NOT NULL,
	[TongTien] [money] NOT NULL,
	[GhiChu] [nvarchar](255) NULL,
 CONSTRAINT [PK_ChiTietHoaDon] PRIMARY KEY CLUSTERED 
(
	[MaCTHD] ASC
)WITH (PAD_INDEX = OFF, STATISTICS_NORECOMPUTE = OFF, IGNORE_DUP_KEY = OFF, ALLOW_ROW_LOCKS = ON, ALLOW_PAGE_LOCKS = ON) ON [PRIMARY]
) ON [PRIMARY]

GO

SET ANSI_NULLS ON
GO
SET QUOTED_IDENTIFIER ON
GO
CREATE TABLE [dbo].[ChiTietPhieuNhap](
	[MaCTPN] [int] IDENTITY(1,1) NOT NULL,
	[MaPhieuNhap] [int] NOT NULL,
	[MaSanPham] [int] NOT NULL,
	[SoLuong] [int] NOT NULL,
	[TongTien] [money] NOT NULL,
	[ChuThich] [nvarchar](255) NULL CONSTRAINT [DF_ChiTietPhieuNhap_ChuThich]  DEFAULT (''),
 CONSTRAINT [PK_ChiTietPhieuNhap] PRIMARY KEY CLUSTERED 
(
	[MaCTPN] ASC
)WITH (PAD_INDEX = OFF, STATISTICS_NORECOMPUTE = OFF, IGNORE_DUP_KEY = OFF, ALLOW_ROW_LOCKS = ON, ALLOW_PAGE_LOCKS = ON) ON [PRIMARY]
) ON [PRIMARY]

GO

SET ANSI_NULLS ON
GO
SET QUOTED_IDENTIFIER ON
GO
CREATE TABLE [dbo].[ChucVu](
	[MaChucVu] [int] IDENTITY(1,1) NOT NULL,
	[TenChucVu] [nvarchar](50) NOT NULL,
	[GhiChu] [nvarchar](255) NULL CONSTRAINT [DF_ChucVu_GhiChu]  DEFAULT (''),
 CONSTRAINT [PK_ChucVu] PRIMARY KEY CLUSTERED 
(
	[MaChucVu] ASC
)WITH (PAD_INDEX = OFF, STATISTICS_NORECOMPUTE = OFF, IGNORE_DUP_KEY = OFF, ALLOW_ROW_LOCKS = ON, ALLOW_PAGE_LOCKS = ON) ON [PRIMARY]
) ON [PRIMARY]

GO

SET ANSI_NULLS ON
GO
SET QUOTED_IDENTIFIER ON
GO
CREATE TABLE [dbo].[HangSanXuat](
	[MaHangSanXuat] [int] IDENTITY(1,1) NOT NULL,
	[TenHangSanXuat] [nvarchar](50) NOT NULL,
 CONSTRAINT [PK_HangSanXUat] PRIMARY KEY CLUSTERED 
(
	[MaHangSanXuat] ASC
)WITH (PAD_INDEX = OFF, STATISTICS_NORECOMPUTE = OFF, IGNORE_DUP_KEY = OFF, ALLOW_ROW_LOCKS = ON, ALLOW_PAGE_LOCKS = ON) ON [PRIMARY]
) ON [PRIMARY]

GO

SET ANSI_NULLS ON
GO
SET QUOTED_IDENTIFIER ON
GO
CREATE TABLE [dbo].[HoaDon](
	[MaHoaDon] [int] IDENTITY(1,1) NOT NULL,
	[MaKhachHang] [int] NOT NULL,
	[MaNhanVien] [int] NOT NULL,
	[NgayLapHoaDon] [date] NOT NULL CONSTRAINT [DF_HoaDon_NgayLapHoaDon]  DEFAULT (getdate()),
	[TongTien] [money] NOT NULL,
	[GhiChu] [nvarchar](255) NULL CONSTRAINT [DF_HoaDon_GhiChu]  DEFAULT (''),
 CONSTRAINT [PK_HoaDon] PRIMARY KEY CLUSTERED 
(
	[MaHoaDon] ASC
)WITH (PAD_INDEX = OFF, STATISTICS_NORECOMPUTE = OFF, IGNORE_DUP_KEY = OFF, ALLOW_ROW_LOCKS = ON, ALLOW_PAGE_LOCKS = ON) ON [PRIMARY]
) ON [PRIMARY]

GO

SET ANSI_NULLS ON
GO
SET QUOTED_IDENTIFIER ON
GO
SET ANSI_PADDING ON
GO
CREATE TABLE [dbo].[KhachHang](
	[MaKhachHang] [int] IDENTITY(1,1) NOT NULL,
	[TenKhachHang] [nvarchar](50) NOT NULL,
	[Ngaysinh] [date] NOT NULL,
	[GioiTinh] [bit] NOT NULL,
	[DiaChi] [nvarchar](50) NOT NULL,
	[SDT] [varchar](11) NOT NULL,
	[LoaiKhachHang] [int] NOT NULL,
	[GhiChu] [nchar](10) NULL,
 CONSTRAINT [PK_KhachHang] PRIMARY KEY CLUSTERED 
(
	[MaKhachHang] ASC
)WITH (PAD_INDEX = OFF, STATISTICS_NORECOMPUTE = OFF, IGNORE_DUP_KEY = OFF, ALLOW_ROW_LOCKS = ON, ALLOW_PAGE_LOCKS = ON) ON [PRIMARY]
) ON [PRIMARY]

GO
SET ANSI_PADDING OFF
GO

SET ANSI_NULLS ON
GO
SET QUOTED_IDENTIFIER ON
GO
CREATE TABLE [dbo].[LoaiKhachHang](
	[MaLoaiKhachHang] [int] IDENTITY(1,1) NOT NULL,
	[TenLoaiKhachHang] [nvarchar](50) NOT NULL,
	[GhiChu] [nvarchar](255) NULL,
 CONSTRAINT [PK_LoaiKhachHang] PRIMARY KEY CLUSTERED 
(
	[MaLoaiKhachHang] ASC
)WITH (PAD_INDEX = OFF, STATISTICS_NORECOMPUTE = OFF, IGNORE_DUP_KEY = OFF, ALLOW_ROW_LOCKS = ON, ALLOW_PAGE_LOCKS = ON) ON [PRIMARY]
) ON [PRIMARY]

GO

SET ANSI_NULLS ON
GO
SET QUOTED_IDENTIFIER ON
GO
CREATE TABLE [dbo].[LoaiSanPham](
	[MaLoaiSanPham] [int] IDENTITY(1,1) NOT NULL,
	[TenLoaiSanPham] [nvarchar](50) NOT NULL,
 CONSTRAINT [PK_LoaiSanPham] PRIMARY KEY CLUSTERED 
(
	[MaLoaiSanPham] ASC
)WITH (PAD_INDEX = OFF, STATISTICS_NORECOMPUTE = OFF, IGNORE_DUP_KEY = OFF, ALLOW_ROW_LOCKS = ON, ALLOW_PAGE_LOCKS = ON) ON [PRIMARY]
) ON [PRIMARY]

GO

SET ANSI_NULLS ON
GO
SET QUOTED_IDENTIFIER ON
GO
SET ANSI_PADDING ON
GO
CREATE TABLE [dbo].[NhanVien](
	[MaNhanVien] [int] IDENTITY(1,1) NOT NULL,
	[TenNhanVien] [nvarchar](50) NOT NULL,
	[NgaySinh] [date] NOT NULL,
	[GioiTinh] [bit] NOT NULL,
	[NgayVaoLam] [date] NOT NULL,
	[ChucVu] [int] NOT NULL,
	[DiaChi] [nvarchar](50) NOT NULL,
	[SoDT] [varchar](11) NOT NULL,
	[GhiChu] [nvarchar](255) NULL,
 CONSTRAINT [PK_NhanVien] PRIMARY KEY CLUSTERED 
(
	[MaNhanVien] ASC
)WITH (PAD_INDEX = OFF, STATISTICS_NORECOMPUTE = OFF, IGNORE_DUP_KEY = OFF, ALLOW_ROW_LOCKS = ON, ALLOW_PAGE_LOCKS = ON) ON [PRIMARY]
) ON [PRIMARY]

GO
SET ANSI_PADDING OFF
GO

SET ANSI_NULLS ON
GO
SET QUOTED_IDENTIFIER ON
GO
SET ANSI_PADDING ON
GO
CREATE TABLE [dbo].[NhaPhanPhoi](
	[MaNhaPhanPhoi] [int] IDENTITY(1,1) NOT NULL,
	[TenNhaPhanPhoi] [nvarchar](50) NOT NULL,
	[DiaChi] [nvarchar](50) NOT NULL,
	[SDT] [varchar](11) NOT NULL,
	[Email] [varchar](100) NOT NULL,
	[ChuThich] [text] NULL,
 CONSTRAINT [PK_NhaPhanPhoi] PRIMARY KEY CLUSTERED 
(
	[MaNhaPhanPhoi] ASC
)WITH (PAD_INDEX = OFF, STATISTICS_NORECOMPUTE = OFF, IGNORE_DUP_KEY = OFF, ALLOW_ROW_LOCKS = ON, ALLOW_PAGE_LOCKS = ON) ON [PRIMARY]
) ON [PRIMARY] TEXTIMAGE_ON [PRIMARY]

GO
SET ANSI_PADDING OFF
GO

SET ANSI_NULLS ON
GO
SET QUOTED_IDENTIFIER ON
GO
CREATE TABLE [dbo].[PhieuNhap](
	[MaPhieuNhap] [int] IDENTITY(1,1) NOT NULL,
	[MaNhanVien] [int] NOT NULL,
	[MaNhaPhanPhoi] [int] NOT NULL,
	[TongTien] [money] NOT NULL,
	[NgayNhap] [date] NOT NULL,
	[ChuThich] [nvarchar](255) NULL CONSTRAINT [DF_PhieuNhap_ChuThich]  DEFAULT (''),
 CONSTRAINT [PK_PhieuNhap] PRIMARY KEY CLUSTERED 
(
	[MaPhieuNhap] ASC
)WITH (PAD_INDEX = OFF, STATISTICS_NORECOMPUTE = OFF, IGNORE_DUP_KEY = OFF, ALLOW_ROW_LOCKS = ON, ALLOW_PAGE_LOCKS = ON) ON [PRIMARY]
) ON [PRIMARY]

GO

SET ANSI_NULLS ON
GO
SET QUOTED_IDENTIFIER ON
GO
CREATE TABLE [dbo].[Quyen](
	[MaQuyen] [int] IDENTITY(1,1) NOT NULL,
	[TenQuyen] [nvarchar](50) NOT NULL,
	[ChuThich] [nvarchar](255) NULL CONSTRAINT [DF_Quyen_ChuThich]  DEFAULT (''),
 CONSTRAINT [PK_Quyen] PRIMARY KEY CLUSTERED 
(
	[MaQuyen] ASC
)WITH (PAD_INDEX = OFF, STATISTICS_NORECOMPUTE = OFF, IGNORE_DUP_KEY = OFF, ALLOW_ROW_LOCKS = ON, ALLOW_PAGE_LOCKS = ON) ON [PRIMARY]
) ON [PRIMARY]

GO

SET ANSI_NULLS ON
GO
SET QUOTED_IDENTIFIER ON
GO
SET ANSI_PADDING ON
GO
CREATE TABLE [dbo].[SanPham](
	[MaSanPham] [int] IDENTITY(1,1) NOT NULL,
	[TenSanPham] [nvarchar](50) NOT NULL,
	[LoaiSanPham] [int] NOT NULL,
	[HangSanXuat] [int] NOT NULL,
	[GiaNhap] [money] NOT NULL,
	[GiaBan] [money] NOT NULL,
	[TonKho] [int] NOT NULL,
	[TrangThai] [bit] NOT NULL,
	[Image] [varchar](150) NULL CONSTRAINT [DF_SanPham_image]  DEFAULT (''),
	[ChuThich] [nvarchar](255) NULL CONSTRAINT [DF_SanPham_ChuThich]  DEFAULT (''),
 CONSTRAINT [PK_SanPham] PRIMARY KEY CLUSTERED 
(
	[MaSanPham] ASC
)WITH (PAD_INDEX = OFF, STATISTICS_NORECOMPUTE = OFF, IGNORE_DUP_KEY = OFF, ALLOW_ROW_LOCKS = ON, ALLOW_PAGE_LOCKS = ON) ON [PRIMARY]
) ON [PRIMARY]

GO
SET ANSI_PADDING OFF
GO

SET ANSI_NULLS ON
GO
SET QUOTED_IDENTIFIER ON
GO
SET ANSI_PADDING ON
GO
CREATE TABLE [dbo].[Users](
	[ID] [int] IDENTITY(1,1) NOT NULL,
	[MaNhanVien] [int] NOT NULL,
	[TenDangNhap] [varchar](50) NOT NULL,
	[Password] [varchar](50) NOT NULL,
	[Quyen] [int] NOT NULL,
	[ChuThich] [nvarchar](255) NULL,
 CONSTRAINT [PK_TaiKhoan] PRIMARY KEY CLUSTERED 
(
	[ID] ASC
)WITH (PAD_INDEX = OFF, STATISTICS_NORECOMPUTE = OFF, IGNORE_DUP_KEY = OFF, ALLOW_ROW_LOCKS = ON, ALLOW_PAGE_LOCKS = ON) ON [PRIMARY]
) ON [PRIMARY]

GO
SET ANSI_PADDING OFF
GO
SET IDENTITY_INSERT [dbo].[ChiTietHoaDon] ON 

INSERT [dbo].[ChiTietHoaDon] ([MaCTHD], [MaHoaDon], [MaSanPham], [SoLuong], [TongTien], [GhiChu]) VALUES (11, 7, 5, 1, 21000000.0000, N'')
INSERT [dbo].[ChiTietHoaDon] ([MaCTHD], [MaHoaDon], [MaSanPham], [SoLuong], [TongTien], [GhiChu]) VALUES (15, 13, 3, 1, 1890000.0000, N'')
INSERT [dbo].[ChiTietHoaDon] ([MaCTHD], [MaHoaDon], [MaSanPham], [SoLuong], [TongTien], [GhiChu]) VALUES (19, 17, 4, 1, 1300000.0000, N'')
INSERT [dbo].[ChiTietHoaDon] ([MaCTHD], [MaHoaDon], [MaSanPham], [SoLuong], [TongTien], [GhiChu]) VALUES (20, 13, 30, 1, 1100000.0000, N'')
INSERT [dbo].[ChiTietHoaDon] ([MaCTHD], [MaHoaDon], [MaSanPham], [SoLuong], [TongTien], [GhiChu]) VALUES (1020, 1021, 1, 3, 3900000.0000, N'')
INSERT [dbo].[ChiTietHoaDon] ([MaCTHD], [MaHoaDon], [MaSanPham], [SoLuong], [TongTien], [GhiChu]) VALUES (1021, 1021, 1, 5, 6500000.0000, N'')
INSERT [dbo].[ChiTietHoaDon] ([MaCTHD], [MaHoaDon], [MaSanPham], [SoLuong], [TongTien], [GhiChu]) VALUES (1022, 7, 6, 1, 7490000.0000, N'')
INSERT [dbo].[ChiTietHoaDon] ([MaCTHD], [MaHoaDon], [MaSanPham], [SoLuong], [TongTien], [GhiChu]) VALUES (1023, 7, 9, 1, 1200000.0000, N'')
INSERT [dbo].[ChiTietHoaDon] ([MaCTHD], [MaHoaDon], [MaSanPham], [SoLuong], [TongTien], [GhiChu]) VALUES (1024, 7, 30, 1, 1100000.0000, N'')
INSERT [dbo].[ChiTietHoaDon] ([MaCTHD], [MaHoaDon], [MaSanPham], [SoLuong], [TongTien], [GhiChu]) VALUES (1025, 20, 9, 1, 1200000.0000, N'')
INSERT [dbo].[ChiTietHoaDon] ([MaCTHD], [MaHoaDon], [MaSanPham], [SoLuong], [TongTien], [GhiChu]) VALUES (1026, 20, 28, 1, 14000000.0000, N'')
INSERT [dbo].[ChiTietHoaDon] ([MaCTHD], [MaHoaDon], [MaSanPham], [SoLuong], [TongTien], [GhiChu]) VALUES (1027, 1021, 28, 3, 42000000.0000, N'')
INSERT [dbo].[ChiTietHoaDon] ([MaCTHD], [MaHoaDon], [MaSanPham], [SoLuong], [TongTien], [GhiChu]) VALUES (1029, 1022, 49, 1, 400000.0000, N'')
INSERT [dbo].[ChiTietHoaDon] ([MaCTHD], [MaHoaDon], [MaSanPham], [SoLuong], [TongTien], [GhiChu]) VALUES (1030, 1022, 49, 1, 400000.0000, N'')
INSERT [dbo].[ChiTietHoaDon] ([MaCTHD], [MaHoaDon], [MaSanPham], [SoLuong], [TongTien], [GhiChu]) VALUES (1031, 1022, 45, 1, 1960000.0000, N'')
INSERT [dbo].[ChiTietHoaDon] ([MaCTHD], [MaHoaDon], [MaSanPham], [SoLuong], [TongTien], [GhiChu]) VALUES (1032, 13, 7, 1, 1800000.0000, N'')
INSERT [dbo].[ChiTietHoaDon] ([MaCTHD], [MaHoaDon], [MaSanPham], [SoLuong], [TongTien], [GhiChu]) VALUES (1033, 1023, 1, 1, 7890000.0000, N'')
INSERT [dbo].[ChiTietHoaDon] ([MaCTHD], [MaHoaDon], [MaSanPham], [SoLuong], [TongTien], [GhiChu]) VALUES (1034, 1024, 1, 1, 7890000.0000, N'')
SET IDENTITY_INSERT [dbo].[ChiTietHoaDon] OFF
SET IDENTITY_INSERT [dbo].[ChiTietPhieuNhap] ON 

INSERT [dbo].[ChiTietPhieuNhap] ([MaCTPN], [MaPhieuNhap], [MaSanPham], [SoLuong], [TongTien], [ChuThich]) VALUES (1, 1, 3, 100, 1000000.0000, N'')
INSERT [dbo].[ChiTietPhieuNhap] ([MaCTPN], [MaPhieuNhap], [MaSanPham], [SoLuong], [TongTien], [ChuThich]) VALUES (2, 1, 43, 1, 7890000.0000, N'')
INSERT [dbo].[ChiTietPhieuNhap] ([MaCTPN], [MaPhieuNhap], [MaSanPham], [SoLuong], [TongTien], [ChuThich]) VALUES (3, 2, 1, 1, 7890000.0000, N'')
INSERT [dbo].[ChiTietPhieuNhap] ([MaCTPN], [MaPhieuNhap], [MaSanPham], [SoLuong], [TongTien], [ChuThich]) VALUES (4, 2, 1, 1, 7890000.0000, N'')
INSERT [dbo].[ChiTietPhieuNhap] ([MaCTPN], [MaPhieuNhap], [MaSanPham], [SoLuong], [TongTien], [ChuThich]) VALUES (5, 7, 6, 1, 7890000.0000, N'')
INSERT [dbo].[ChiTietPhieuNhap] ([MaCTPN], [MaPhieuNhap], [MaSanPham], [SoLuong], [TongTien], [ChuThich]) VALUES (6, 7, 6, 1, 7490000.0000, N'')
INSERT [dbo].[ChiTietPhieuNhap] ([MaCTPN], [MaPhieuNhap], [MaSanPham], [SoLuong], [TongTien], [ChuThich]) VALUES (7, 7, 6, 1, 7890000.0000, N'')
SET IDENTITY_INSERT [dbo].[ChiTietPhieuNhap] OFF
SET IDENTITY_INSERT [dbo].[ChucVu] ON 

INSERT [dbo].[ChucVu] ([MaChucVu], [TenChucVu], [GhiChu]) VALUES (1, N'Giám Đốc', N'')
INSERT [dbo].[ChucVu] ([MaChucVu], [TenChucVu], [GhiChu]) VALUES (2, N'Thu Ngân', N'')
INSERT [dbo].[ChucVu] ([MaChucVu], [TenChucVu], [GhiChu]) VALUES (3, N'Kế Toán', N'')
INSERT [dbo].[ChucVu] ([MaChucVu], [TenChucVu], [GhiChu]) VALUES (4, N'Bảo Vệ', N'')
INSERT [dbo].[ChucVu] ([MaChucVu], [TenChucVu], [GhiChu]) VALUES (5, N'Lễ Tân', N'')
INSERT [dbo].[ChucVu] ([MaChucVu], [TenChucVu], [GhiChu]) VALUES (6, N'new', N'')
INSERT [dbo].[ChucVu] ([MaChucVu], [TenChucVu], [GhiChu]) VALUES (7, N'Quản Lý ', N'')
INSERT [dbo].[ChucVu] ([MaChucVu], [TenChucVu], [GhiChu]) VALUES (8, N'Lao Công', N'')
INSERT [dbo].[ChucVu] ([MaChucVu], [TenChucVu], [GhiChu]) VALUES (9, N'Kiểm Soát Viên', N'')
INSERT [dbo].[ChucVu] ([MaChucVu], [TenChucVu], [GhiChu]) VALUES (10, N'chưa có', N'')
SET IDENTITY_INSERT [dbo].[ChucVu] OFF
SET IDENTITY_INSERT [dbo].[HangSanXuat] ON 

INSERT [dbo].[HangSanXuat] ([MaHangSanXuat], [TenHangSanXuat]) VALUES (1, N'SamSung')
INSERT [dbo].[HangSanXuat] ([MaHangSanXuat], [TenHangSanXuat]) VALUES (2, N'LG')
INSERT [dbo].[HangSanXuat] ([MaHangSanXuat], [TenHangSanXuat]) VALUES (3, N'HTC')
INSERT [dbo].[HangSanXuat] ([MaHangSanXuat], [TenHangSanXuat]) VALUES (4, N'Sonny')
INSERT [dbo].[HangSanXuat] ([MaHangSanXuat], [TenHangSanXuat]) VALUES (5, N'HuaWei')
INSERT [dbo].[HangSanXuat] ([MaHangSanXuat], [TenHangSanXuat]) VALUES (6, N'Xiaomi')
INSERT [dbo].[HangSanXuat] ([MaHangSanXuat], [TenHangSanXuat]) VALUES (7, N'Lenovo')
INSERT [dbo].[HangSanXuat] ([MaHangSanXuat], [TenHangSanXuat]) VALUES (8, N'Bkav')
INSERT [dbo].[HangSanXuat] ([MaHangSanXuat], [TenHangSanXuat]) VALUES (9, N'Gionne')
INSERT [dbo].[HangSanXuat] ([MaHangSanXuat], [TenHangSanXuat]) VALUES (10, N'FPT')
INSERT [dbo].[HangSanXuat] ([MaHangSanXuat], [TenHangSanXuat]) VALUES (11, N'NOKIA')
INSERT [dbo].[HangSanXuat] ([MaHangSanXuat], [TenHangSanXuat]) VALUES (12, N'Blackberry')
INSERT [dbo].[HangSanXuat] ([MaHangSanXuat], [TenHangSanXuat]) VALUES (13, N'Apple')
INSERT [dbo].[HangSanXuat] ([MaHangSanXuat], [TenHangSanXuat]) VALUES (14, N'Trung Quốc')
INSERT [dbo].[HangSanXuat] ([MaHangSanXuat], [TenHangSanXuat]) VALUES (15, N'Nhật')
INSERT [dbo].[HangSanXuat] ([MaHangSanXuat], [TenHangSanXuat]) VALUES (16, N'Beataudio')
INSERT [dbo].[HangSanXuat] ([MaHangSanXuat], [TenHangSanXuat]) VALUES (17, N'ZTE')
INSERT [dbo].[HangSanXuat] ([MaHangSanXuat], [TenHangSanXuat]) VALUES (18, N'DELL')
INSERT [dbo].[HangSanXuat] ([MaHangSanXuat], [TenHangSanXuat]) VALUES (19, N'ASUS')
SET IDENTITY_INSERT [dbo].[HangSanXuat] OFF
SET IDENTITY_INSERT [dbo].[HoaDon] ON 

INSERT [dbo].[HoaDon] ([MaHoaDon], [MaKhachHang], [MaNhanVien], [NgayLapHoaDon], [TongTien], [GhiChu]) VALUES (7, 6, 11, CAST(N'2020-07-03' AS Date), 30790000.0000, N'')
INSERT [dbo].[HoaDon] ([MaHoaDon], [MaKhachHang], [MaNhanVien], [NgayLapHoaDon], [TongTien], [GhiChu]) VALUES (13, 11, 6, CAST(N'2020-07-03' AS Date), 4790000.0000, N'huy')
INSERT [dbo].[HoaDon] ([MaHoaDon], [MaKhachHang], [MaNhanVien], [NgayLapHoaDon], [TongTien], [GhiChu]) VALUES (17, 12, 11, CAST(N'2020-07-03' AS Date), 1300000.0000, N'')
INSERT [dbo].[HoaDon] ([MaHoaDon], [MaKhachHang], [MaNhanVien], [NgayLapHoaDon], [TongTien], [GhiChu]) VALUES (20, 14, 11, CAST(N'2020-07-03' AS Date), 15200000.0000, N'')
INSERT [dbo].[HoaDon] ([MaHoaDon], [MaKhachHang], [MaNhanVien], [NgayLapHoaDon], [TongTien], [GhiChu]) VALUES (1021, 6, 11, CAST(N'2020-07-04' AS Date), 52400000.0000, N'')
INSERT [dbo].[HoaDon] ([MaHoaDon], [MaKhachHang], [MaNhanVien], [NgayLapHoaDon], [TongTien], [GhiChu]) VALUES (1022, 15, 11, CAST(N'2020-07-04' AS Date), 2760000.0000, N'')
INSERT [dbo].[HoaDon] ([MaHoaDon], [MaKhachHang], [MaNhanVien], [NgayLapHoaDon], [TongTien], [GhiChu]) VALUES (1023, 15, 11, CAST(N'2020-07-05' AS Date), 7890000.0000, N'')
INSERT [dbo].[HoaDon] ([MaHoaDon], [MaKhachHang], [MaNhanVien], [NgayLapHoaDon], [TongTien], [GhiChu]) VALUES (1024, 15, 11, CAST(N'2020-07-05' AS Date), 7890000.0000, N'')
SET IDENTITY_INSERT [dbo].[HoaDon] OFF
SET IDENTITY_INSERT [dbo].[KhachHang] ON 

INSERT [dbo].[KhachHang] ([MaKhachHang], [TenKhachHang], [Ngaysinh], [GioiTinh], [DiaChi], [SDT], [LoaiKhachHang], [GhiChu]) VALUES (6, N'Nguyễn Thanh Tùng', CAST(N'1996-03-02' AS Date), 0, N'Thái Bình', N'0909898964', 1, N'          ')
INSERT [dbo].[KhachHang] ([MaKhachHang], [TenKhachHang], [Ngaysinh], [GioiTinh], [DiaChi], [SDT], [LoaiKhachHang], [GhiChu]) VALUES (11, N'Đinh Tiến Đạt', CAST(N'1986-09-02' AS Date), 1, N'không cho xem', N'0745322222', 3, N'          ')
INSERT [dbo].[KhachHang] ([MaKhachHang], [TenKhachHang], [Ngaysinh], [GioiTinh], [DiaChi], [SDT], [LoaiKhachHang], [GhiChu]) VALUES (12, N'Đinh Quốc cường', CAST(N'1980-04-10' AS Date), 0, N'Hà Nội', N'0914232372', 3, N'mới thêm  ')
INSERT [dbo].[KhachHang] ([MaKhachHang], [TenKhachHang], [Ngaysinh], [GioiTinh], [DiaChi], [SDT], [LoaiKhachHang], [GhiChu]) VALUES (14, N'Phạm Hồng Hà', CAST(N'1992-06-09' AS Date), 0, N'102 nguyễn tất thành-TP buôn Ma Thuật', N'0166542753', 2, N'          ')
INSERT [dbo].[KhachHang] ([MaKhachHang], [TenKhachHang], [Ngaysinh], [GioiTinh], [DiaChi], [SDT], [LoaiKhachHang], [GhiChu]) VALUES (15, N'Hoàng Văn Minh', CAST(N'2000-06-09' AS Date), 1, N' Hải Phòng', N'0166554322', 1, N'          ')
INSERT [dbo].[KhachHang] ([MaKhachHang], [TenKhachHang], [Ngaysinh], [GioiTinh], [DiaChi], [SDT], [LoaiKhachHang], [GhiChu]) VALUES (18, N'Phạm Hồng Hạnh', CAST(N'1992-06-09' AS Date), 0, N'102 nguyễn tất thành-TP buôn Ma Thuật', N'0166542753', 2, N'          ')
INSERT [dbo].[KhachHang] ([MaKhachHang], [TenKhachHang], [Ngaysinh], [GioiTinh], [DiaChi], [SDT], [LoaiKhachHang], [GhiChu]) VALUES (19, N'Phạm Khánh Duy', CAST(N'2002-05-03' AS Date), 1, N'Đà Nẵng', N'6445654', 2, N'          ')
INSERT [dbo].[KhachHang] ([MaKhachHang], [TenKhachHang], [Ngaysinh], [GioiTinh], [DiaChi], [SDT], [LoaiKhachHang], [GhiChu]) VALUES (20, N'Đinh Mạnh Ninh', CAST(N'2001-06-03' AS Date), 0, N'Cần Thơ', N'6445654', 2, N'          ')
INSERT [dbo].[KhachHang] ([MaKhachHang], [TenKhachHang], [Ngaysinh], [GioiTinh], [DiaChi], [SDT], [LoaiKhachHang], [GhiChu]) VALUES (21, N'Trần Thị Bưởi', CAST(N'2011-07-06' AS Date), 1, N'Nam Định', N'12334567890', 2, N'gfg       ')
SET IDENTITY_INSERT [dbo].[KhachHang] OFF
SET IDENTITY_INSERT [dbo].[LoaiKhachHang] ON 

INSERT [dbo].[LoaiKhachHang] ([MaLoaiKhachHang], [TenLoaiKhachHang], [GhiChu]) VALUES (1, N'vip', N'giảm 10%')
INSERT [dbo].[LoaiKhachHang] ([MaLoaiKhachHang], [TenLoaiKhachHang], [GhiChu]) VALUES (2, N'thường', N'giảm 0%')
INSERT [dbo].[LoaiKhachHang] ([MaLoaiKhachHang], [TenLoaiKhachHang], [GhiChu]) VALUES (3, N'sinh viên', N'giảm 5%')
SET IDENTITY_INSERT [dbo].[LoaiKhachHang] OFF
SET IDENTITY_INSERT [dbo].[LoaiSanPham] ON 

INSERT [dbo].[LoaiSanPham] ([MaLoaiSanPham], [TenLoaiSanPham]) VALUES (1, N'Điện thoại phổ thông')
INSERT [dbo].[LoaiSanPham] ([MaLoaiSanPham], [TenLoaiSanPham]) VALUES (2, N'Smartphone')
INSERT [dbo].[LoaiSanPham] ([MaLoaiSanPham], [TenLoaiSanPham]) VALUES (3, N'Tablet')
INSERT [dbo].[LoaiSanPham] ([MaLoaiSanPham], [TenLoaiSanPham]) VALUES (4, N'SmatWatch')
INSERT [dbo].[LoaiSanPham] ([MaLoaiSanPham], [TenLoaiSanPham]) VALUES (5, N'Phụ Kiện')
INSERT [dbo].[LoaiSanPham] ([MaLoaiSanPham], [TenLoaiSanPham]) VALUES (9, N'linh Kiện')
SET IDENTITY_INSERT [dbo].[LoaiSanPham] OFF
SET IDENTITY_INSERT [dbo].[NhanVien] ON 

INSERT [dbo].[NhanVien] ([MaNhanVien], [TenNhanVien], [NgaySinh], [GioiTinh], [NgayVaoLam], [ChucVu], [DiaChi], [SoDT], [GhiChu]) VALUES (1, N'Nguyễn Thị Kìm Oanh', CAST(N'1999-04-09' AS Date), 1, CAST(N'2016-01-01' AS Date), 1, N'51- 102 Nguyễn Tất Thành', N'01293223225', N'chức cao nhất có thể')
INSERT [dbo].[NhanVien] ([MaNhanVien], [TenNhanVien], [NgaySinh], [GioiTinh], [NgayVaoLam], [ChucVu], [DiaChi], [SoDT], [GhiChu]) VALUES (3, N'Giang Vũ Thị Phương', CAST(N'1998-01-02' AS Date), 0, CAST(N'2020-03-05' AS Date), 2, N'chưa có', N'01293223225', N'chưa có')
INSERT [dbo].[NhanVien] ([MaNhanVien], [TenNhanVien], [NgaySinh], [GioiTinh], [NgayVaoLam], [ChucVu], [DiaChi], [SoDT], [GhiChu]) VALUES (6, N'Hoàng Thị Thùy Dương', CAST(N'1999-06-10' AS Date), 1, CAST(N'2015-12-03' AS Date), 5, N'Hà Nội ', N'091425635', N'')
INSERT [dbo].[NhanVien] ([MaNhanVien], [TenNhanVien], [NgaySinh], [GioiTinh], [NgayVaoLam], [ChucVu], [DiaChi], [SoDT], [GhiChu]) VALUES (8, N'Nguyễn Thị Linh Chi', CAST(N'1999-03-02' AS Date), 0, CAST(N'2018-05-04' AS Date), 5, N'việt nam', N'01652343643', N'')
INSERT [dbo].[NhanVien] ([MaNhanVien], [TenNhanVien], [NgaySinh], [GioiTinh], [NgayVaoLam], [ChucVu], [DiaChi], [SoDT], [GhiChu]) VALUES (10, N'Nguyễn Thanh Tùng', CAST(N'1994-07-05' AS Date), 1, CAST(N'2015-09-07' AS Date), 1, N'Thái Bình', N'09090909090', N'')
INSERT [dbo].[NhanVien] ([MaNhanVien], [TenNhanVien], [NgaySinh], [GioiTinh], [NgayVaoLam], [ChucVu], [DiaChi], [SoDT], [GhiChu]) VALUES (11, N'Lương Bích Hữu', CAST(N'1988-06-23' AS Date), 0, CAST(N'2015-06-04' AS Date), 3, N'Trung Quốc', N'46789976654', N'')
INSERT [dbo].[NhanVien] ([MaNhanVien], [TenNhanVien], [NgaySinh], [GioiTinh], [NgayVaoLam], [ChucVu], [DiaChi], [SoDT], [GhiChu]) VALUES (13, N'Khởi My', CAST(N'1984-06-03' AS Date), 0, CAST(N'2015-06-03' AS Date), 6, N'buôn Ma Thuật', N'', N'')
INSERT [dbo].[NhanVien] ([MaNhanVien], [TenNhanVien], [NgaySinh], [GioiTinh], [NgayVaoLam], [ChucVu], [DiaChi], [SoDT], [GhiChu]) VALUES (14, N'Nguyễn Thị Hồng', CAST(N'1997-08-07' AS Date), 0, CAST(N'2011-03-05' AS Date), 2, N'buôn ma thuột', N'01293223225', N'
')
INSERT [dbo].[NhanVien] ([MaNhanVien], [TenNhanVien], [NgaySinh], [GioiTinh], [NgayVaoLam], [ChucVu], [DiaChi], [SoDT], [GhiChu]) VALUES (15, N'nguyễn Văn Hùng', CAST(N'1994-03-02' AS Date), 1, CAST(N'2011-03-05' AS Date), 4, N'easup', N'01653454267', N'')
INSERT [dbo].[NhanVien] ([MaNhanVien], [TenNhanVien], [NgaySinh], [GioiTinh], [NgayVaoLam], [ChucVu], [DiaChi], [SoDT], [GhiChu]) VALUES (18, N'Phạm Văn Nguyên', CAST(N'1997-01-02' AS Date), 1, CAST(N'2014-03-05' AS Date), 4, N'hà nội', N'0921457432', N'')
INSERT [dbo].[NhanVien] ([MaNhanVien], [TenNhanVien], [NgaySinh], [GioiTinh], [NgayVaoLam], [ChucVu], [DiaChi], [SoDT], [GhiChu]) VALUES (22, N'Khởi My', CAST(N'1984-06-03' AS Date), 0, CAST(N'2015-06-03' AS Date), 6, N'buôn Ma Thuật', N'01293223225', N'')
INSERT [dbo].[NhanVien] ([MaNhanVien], [TenNhanVien], [NgaySinh], [GioiTinh], [NgayVaoLam], [ChucVu], [DiaChi], [SoDT], [GhiChu]) VALUES (23, N'nguyễn Văn Hùng', CAST(N'1994-03-02' AS Date), 1, CAST(N'2011-03-05' AS Date), 5, N'easup', N'01653454267', N'')
INSERT [dbo].[NhanVien] ([MaNhanVien], [TenNhanVien], [NgaySinh], [GioiTinh], [NgayVaoLam], [ChucVu], [DiaChi], [SoDT], [GhiChu]) VALUES (24, N'Khởi My', CAST(N'1984-06-03' AS Date), 0, CAST(N'2015-06-03' AS Date), 6, N'buôn Ma Thuật', N'01293223225', N'')
INSERT [dbo].[NhanVien] ([MaNhanVien], [TenNhanVien], [NgaySinh], [GioiTinh], [NgayVaoLam], [ChucVu], [DiaChi], [SoDT], [GhiChu]) VALUES (25, N'Nguyễn Trúc Nhân', CAST(N'1990-06-10' AS Date), 1, CAST(N'2014-12-03' AS Date), 5, N'Hà Nội ', N'091425635', N'')
SET IDENTITY_INSERT [dbo].[NhanVien] OFF
SET IDENTITY_INSERT [dbo].[NhaPhanPhoi] ON 

INSERT [dbo].[NhaPhanPhoi] ([MaNhaPhanPhoi], [TenNhaPhanPhoi], [DiaChi], [SDT], [Email], [ChuThich]) VALUES (1, N'FPT Trading', N'Hồ Chí Minh', N'098674322', N'motcucgach7796@gmail.com', N'')
INSERT [dbo].[NhaPhanPhoi] ([MaNhaPhanPhoi], [TenNhaPhanPhoi], [DiaChi], [SDT], [Email], [ChuThich]) VALUES (2, N'docomo', N'Trung Quốc ', N'34657865434', N'dcomo197@gmail.com', N'')
INSERT [dbo].[NhaPhanPhoi] ([MaNhaPhanPhoi], [TenNhaPhanPhoi], [DiaChi], [SDT], [Email], [ChuThich]) VALUES (8, N'FPTShop', N'Việt Nam', N'34657865434', N'dcomo197@gmail.com', N'')
INSERT [dbo].[NhaPhanPhoi] ([MaNhaPhanPhoi], [TenNhaPhanPhoi], [DiaChi], [SDT], [Email], [ChuThich]) VALUES (10, N'ZTE', N'Quảng đông Trung quốc', N'01293223225', N'ZTEhuy@gmail.com', N'')
INSERT [dbo].[NhaPhanPhoi] ([MaNhaPhanPhoi], [TenNhaPhanPhoi], [DiaChi], [SDT], [Email], [ChuThich]) VALUES (11, N'FPTShop', N'Việt Nam', N'34657865434', N'dcomo197@gmail.com', N'          ')
INSERT [dbo].[NhaPhanPhoi] ([MaNhaPhanPhoi], [TenNhaPhanPhoi], [DiaChi], [SDT], [Email], [ChuThich]) VALUES (12, N'FPTShop', N'Việt Nam', N'34657865434', N'dcomo197@gmail.com', N'')
SET IDENTITY_INSERT [dbo].[NhaPhanPhoi] OFF
SET IDENTITY_INSERT [dbo].[PhieuNhap] ON 

INSERT [dbo].[PhieuNhap] ([MaPhieuNhap], [MaNhanVien], [MaNhaPhanPhoi], [TongTien], [NgayNhap], [ChuThich]) VALUES (1, 11, 2, 100000.0000, CAST(N'2016-04-03' AS Date), N'')
INSERT [dbo].[PhieuNhap] ([MaPhieuNhap], [MaNhanVien], [MaNhaPhanPhoi], [TongTien], [NgayNhap], [ChuThich]) VALUES (2, 11, 2, 100000.0000, CAST(N'2016-01-01' AS Date), N'')
INSERT [dbo].[PhieuNhap] ([MaPhieuNhap], [MaNhanVien], [MaNhaPhanPhoi], [TongTien], [NgayNhap], [ChuThich]) VALUES (3, 11, 2, 100000.0000, CAST(N'2016-07-01' AS Date), N'')
INSERT [dbo].[PhieuNhap] ([MaPhieuNhap], [MaNhanVien], [MaNhaPhanPhoi], [TongTien], [NgayNhap], [ChuThich]) VALUES (7, 11, 2, 100000.0000, CAST(N'2016-04-03' AS Date), N'')
INSERT [dbo].[PhieuNhap] ([MaPhieuNhap], [MaNhanVien], [MaNhaPhanPhoi], [TongTien], [NgayNhap], [ChuThich]) VALUES (10, 3, 2, 0.0000, CAST(N'2015-02-02' AS Date), N'')
INSERT [dbo].[PhieuNhap] ([MaPhieuNhap], [MaNhanVien], [MaNhaPhanPhoi], [TongTien], [NgayNhap], [ChuThich]) VALUES (11, 3, 2, 0.0000, CAST(N'2015-02-02' AS Date), N'')
SET IDENTITY_INSERT [dbo].[PhieuNhap] OFF
SET IDENTITY_INSERT [dbo].[Quyen] ON 

INSERT [dbo].[Quyen] ([MaQuyen], [TenQuyen], [ChuThich]) VALUES (1, N'Quản Trị Viên', N'')
INSERT [dbo].[Quyen] ([MaQuyen], [TenQuyen], [ChuThich]) VALUES (2, N'Kế Toán', N'')
INSERT [dbo].[Quyen] ([MaQuyen], [TenQuyen], [ChuThich]) VALUES (3, N'Thu Ngân', N'')
INSERT [dbo].[Quyen] ([MaQuyen], [TenQuyen], [ChuThich]) VALUES (4, N'Bảo Vệ', N'')
INSERT [dbo].[Quyen] ([MaQuyen], [TenQuyen], [ChuThich]) VALUES (5, N'New', N'')
INSERT [dbo].[Quyen] ([MaQuyen], [TenQuyen], [ChuThich]) VALUES (6, N'Giám Đốc', N'')
SET IDENTITY_INSERT [dbo].[Quyen] OFF
SET IDENTITY_INSERT [dbo].[SanPham] ON 

INSERT [dbo].[SanPham] ([MaSanPham], [TenSanPham], [LoaiSanPham], [HangSanXuat], [GiaNhap], [GiaBan], [TonKho], [TrangThai], [Image], [ChuThich]) VALUES (1, N'sony m4 aqua', 2, 4, 7390000.0000, 7890000.0000, 34, 1, N'sonnu m4 w1.png', N'')
INSERT [dbo].[SanPham] ([MaSanPham], [TenSanPham], [LoaiSanPham], [HangSanXuat], [GiaNhap], [GiaBan], [TonKho], [TrangThai], [Image], [ChuThich]) VALUES (3, N'htc 10', 2, 3, 1800000.0000, 1890000.0000, 100, 1, NULL, N'')
INSERT [dbo].[SanPham] ([MaSanPham], [TenSanPham], [LoaiSanPham], [HangSanXuat], [GiaNhap], [GiaBan], [TonKho], [TrangThai], [Image], [ChuThich]) VALUES (4, N'Samsung s7 edge', 2, 1, 1300000.0000, 1300000.0000, 10, 1, NULL, N'')
INSERT [dbo].[SanPham] ([MaSanPham], [TenSanPham], [LoaiSanPham], [HangSanXuat], [GiaNhap], [GiaBan], [TonKho], [TrangThai], [Image], [ChuThich]) VALUES (5, N'iphone 6', 2, 13, 20000000.0000, 21000000.0000, 100, 1, NULL, N'')
INSERT [dbo].[SanPham] ([MaSanPham], [TenSanPham], [LoaiSanPham], [HangSanXuat], [GiaNhap], [GiaBan], [TonKho], [TrangThai], [Image], [ChuThich]) VALUES (6, N'Samsung Galaxy A5', 2, 1, 700000.0000, 7490000.0000, 100, 1, NULL, N'')
INSERT [dbo].[SanPham] ([MaSanPham], [TenSanPham], [LoaiSanPham], [HangSanXuat], [GiaNhap], [GiaBan], [TonKho], [TrangThai], [Image], [ChuThich]) VALUES (7, N'Samsung s7 edge', 2, 1, 1500000.0000, 1800000.0000, 10, 1, NULL, N'')
INSERT [dbo].[SanPham] ([MaSanPham], [TenSanPham], [LoaiSanPham], [HangSanXuat], [GiaNhap], [GiaBan], [TonKho], [TrangThai], [Image], [ChuThich]) VALUES (8, N'iphone 6 plus', 2, 13, 15000000.0000, 17000000.0000, 100, 1, NULL, N'')
INSERT [dbo].[SanPham] ([MaSanPham], [TenSanPham], [LoaiSanPham], [HangSanXuat], [GiaNhap], [GiaBan], [TonKho], [TrangThai], [Image], [ChuThich]) VALUES (9, N'Samsung Galaxy A7', 2, 1, 1000000.0000, 1200000.0000, 100, 1, NULL, N'')
INSERT [dbo].[SanPham] ([MaSanPham], [TenSanPham], [LoaiSanPham], [HangSanXuat], [GiaNhap], [GiaBan], [TonKho], [TrangThai], [Image], [ChuThich]) VALUES (10, N'samsung galaxy j5 2016', 2, 1, 8490000.0000, 9000000.0000, 100, 1, NULL, N'')
INSERT [dbo].[SanPham] ([MaSanPham], [TenSanPham], [LoaiSanPham], [HangSanXuat], [GiaNhap], [GiaBan], [TonKho], [TrangThai], [Image], [ChuThich]) VALUES (12, N'samsung galaxy s6 edge', 1, 1, 12000000.0000, 12600000.0000, 100, 1, N'', N'')
INSERT [dbo].[SanPham] ([MaSanPham], [TenSanPham], [LoaiSanPham], [HangSanXuat], [GiaNhap], [GiaBan], [TonKho], [TrangThai], [Image], [ChuThich]) VALUES (13, N'samsung galaxy s6 edge plus', 2, 1, 10000000.0000, 11000000.0000, 100, 1, NULL, N'')
INSERT [dbo].[SanPham] ([MaSanPham], [TenSanPham], [LoaiSanPham], [HangSanXuat], [GiaNhap], [GiaBan], [TonKho], [TrangThai], [Image], [ChuThich]) VALUES (19, N'samsung galaxy j3', 2, 1, 20000000.0000, 21000000.0000, 100, 0, NULL, N'')
INSERT [dbo].[SanPham] ([MaSanPham], [TenSanPham], [LoaiSanPham], [HangSanXuat], [GiaNhap], [GiaBan], [TonKho], [TrangThai], [Image], [ChuThich]) VALUES (20, N'htc one m9', 2, 3, 1000000.0000, 1200000.0000, 100, 1, NULL, N'')
INSERT [dbo].[SanPham] ([MaSanPham], [TenSanPham], [LoaiSanPham], [HangSanXuat], [GiaNhap], [GiaBan], [TonKho], [TrangThai], [Image], [ChuThich]) VALUES (21, N'htc one m8', 2, 3, 20000000.0000, 21000000.0000, 100, 1, NULL, N'')
INSERT [dbo].[SanPham] ([MaSanPham], [TenSanPham], [LoaiSanPham], [HangSanXuat], [GiaNhap], [GiaBan], [TonKho], [TrangThai], [Image], [ChuThich]) VALUES (22, N'htc one m7', 2, 3, 20000000.0000, 21000000.0000, 100, 1, NULL, N'')
INSERT [dbo].[SanPham] ([MaSanPham], [TenSanPham], [LoaiSanPham], [HangSanXuat], [GiaNhap], [GiaBan], [TonKho], [TrangThai], [Image], [ChuThich]) VALUES (23, N'htc one a9', 2, 3, 20000000.0000, 21000000.0000, 100, 1, NULL, N'')
INSERT [dbo].[SanPham] ([MaSanPham], [TenSanPham], [LoaiSanPham], [HangSanXuat], [GiaNhap], [GiaBan], [TonKho], [TrangThai], [Image], [ChuThich]) VALUES (24, N'htc one buttefly ', 2, 3, 20000000.0000, 21000000.0000, 100, 1, NULL, N'')
INSERT [dbo].[SanPham] ([MaSanPham], [TenSanPham], [LoaiSanPham], [HangSanXuat], [GiaNhap], [GiaBan], [TonKho], [TrangThai], [Image], [ChuThich]) VALUES (25, N'htc one buttefly 2', 2, 3, 20000000.0000, 21000000.0000, 65, 1, NULL, N'')
INSERT [dbo].[SanPham] ([MaSanPham], [TenSanPham], [LoaiSanPham], [HangSanXuat], [GiaNhap], [GiaBan], [TonKho], [TrangThai], [Image], [ChuThich]) VALUES (26, N'htc one derise 826', 2, 3, 20000000.0000, 21000000.0000, 100, 1, NULL, N'')
INSERT [dbo].[SanPham] ([MaSanPham], [TenSanPham], [LoaiSanPham], [HangSanXuat], [GiaNhap], [GiaBan], [TonKho], [TrangThai], [Image], [ChuThich]) VALUES (27, N'loa rela bueltooth', 5, 16, 10000000.0000, 14000000.0000, 100, 1, NULL, N'')
INSERT [dbo].[SanPham] ([MaSanPham], [TenSanPham], [LoaiSanPham], [HangSanXuat], [GiaNhap], [GiaBan], [TonKho], [TrangThai], [Image], [ChuThich]) VALUES (28, N'loa rock bueltooth', 5, 17, 10000000.0000, 14000000.0000, 100, 1, NULL, N'')
INSERT [dbo].[SanPham] ([MaSanPham], [TenSanPham], [LoaiSanPham], [HangSanXuat], [GiaNhap], [GiaBan], [TonKho], [TrangThai], [Image], [ChuThich]) VALUES (29, N'loa beataudio bueltooth', 5, 16, 10000000.0000, 14000000.0000, 100, 1, NULL, N'')
INSERT [dbo].[SanPham] ([MaSanPham], [TenSanPham], [LoaiSanPham], [HangSanXuat], [GiaNhap], [GiaBan], [TonKho], [TrangThai], [Image], [ChuThich]) VALUES (30, N'tai nghe beataudio bueltooth', 5, 16, 900000.0000, 1100000.0000, 17, 1, NULL, N'')
INSERT [dbo].[SanPham] ([MaSanPham], [TenSanPham], [LoaiSanPham], [HangSanXuat], [GiaNhap], [GiaBan], [TonKho], [TrangThai], [Image], [ChuThich]) VALUES (31, N'ipad pro 12.9inch', 3, 13, 1800000.0000, 1960000.0000, 89, 1, NULL, N'')
INSERT [dbo].[SanPham] ([MaSanPham], [TenSanPham], [LoaiSanPham], [HangSanXuat], [GiaNhap], [GiaBan], [TonKho], [TrangThai], [Image], [ChuThich]) VALUES (32, N'apple watch stainless steel case', 4, 13, 100000000.0000, 144900000.0000, 13, 1, NULL, N'')
INSERT [dbo].[SanPham] ([MaSanPham], [TenSanPham], [LoaiSanPham], [HangSanXuat], [GiaNhap], [GiaBan], [TonKho], [TrangThai], [Image], [ChuThich]) VALUES (33, N'samsung gear s1', 4, 1, 140000000.0000, 160000000.0000, 100, 1, NULL, N'')
INSERT [dbo].[SanPham] ([MaSanPham], [TenSanPham], [LoaiSanPham], [HangSanXuat], [GiaNhap], [GiaBan], [TonKho], [TrangThai], [Image], [ChuThich]) VALUES (34, N'samsung gear s2', 4, 1, 10000000.0000, 12000000.0000, 100, 1, NULL, N'')
INSERT [dbo].[SanPham] ([MaSanPham], [TenSanPham], [LoaiSanPham], [HangSanXuat], [GiaNhap], [GiaBan], [TonKho], [TrangThai], [Image], [ChuThich]) VALUES (35, N'samsung gear s2 classic', 4, 1, 11000000.0000, 119900000.0000, 100, 1, NULL, N'')
INSERT [dbo].[SanPham] ([MaSanPham], [TenSanPham], [LoaiSanPham], [HangSanXuat], [GiaNhap], [GiaBan], [TonKho], [TrangThai], [Image], [ChuThich]) VALUES (36, N'masstel tab 730', 3, 17, 8500000.0000, 8900000.0000, 100, 1, NULL, N'')
INSERT [dbo].[SanPham] ([MaSanPham], [TenSanPham], [LoaiSanPham], [HangSanXuat], [GiaNhap], [GiaBan], [TonKho], [TrangThai], [Image], [ChuThich]) VALUES (37, N'masstel tab 720', 3, 17, 100000000.0000, 160000000.0000, 100, 1, NULL, N'')
INSERT [dbo].[SanPham] ([MaSanPham], [TenSanPham], [LoaiSanPham], [HangSanXuat], [GiaNhap], [GiaBan], [TonKho], [TrangThai], [Image], [ChuThich]) VALUES (38, N'lenovo tab 3 8inch', 3, 7, 8000000.0000, 8500000.0000, 100, 1, NULL, N'')
INSERT [dbo].[SanPham] ([MaSanPham], [TenSanPham], [LoaiSanPham], [HangSanXuat], [GiaNhap], [GiaBan], [TonKho], [TrangThai], [Image], [ChuThich]) VALUES (39, N'lenovo tab 3 7', 3, 7, 3490000.0000, 3990000.0000, 100, 1, NULL, N'')
INSERT [dbo].[SanPham] ([MaSanPham], [TenSanPham], [LoaiSanPham], [HangSanXuat], [GiaNhap], [GiaBan], [TonKho], [TrangThai], [Image], [ChuThich]) VALUES (40, N'huawer mediapad', 3, 5, 7000000.0000, 8000000.0000, 100, 1, NULL, N'')
INSERT [dbo].[SanPham] ([MaSanPham], [TenSanPham], [LoaiSanPham], [HangSanXuat], [GiaNhap], [GiaBan], [TonKho], [TrangThai], [Image], [ChuThich]) VALUES (41, N'huawer mediapad t1-8', 3, 5, 130000000.0000, 160000000.0000, 100, 1, NULL, N'')
INSERT [dbo].[SanPham] ([MaSanPham], [TenSanPham], [LoaiSanPham], [HangSanXuat], [GiaNhap], [GiaBan], [TonKho], [TrangThai], [Image], [ChuThich]) VALUES (42, N'nolia 1020', 1, 11, 299000.0000, 400000.0000, 100, 1, NULL, N'')
INSERT [dbo].[SanPham] ([MaSanPham], [TenSanPham], [LoaiSanPham], [HangSanXuat], [GiaNhap], [GiaBan], [TonKho], [TrangThai], [Image], [ChuThich]) VALUES (43, N'nolia 1280', 1, 11, 3000.0000, 5000.0000, 100, 1, NULL, N'')
INSERT [dbo].[SanPham] ([MaSanPham], [TenSanPham], [LoaiSanPham], [HangSanXuat], [GiaNhap], [GiaBan], [TonKho], [TrangThai], [Image], [ChuThich]) VALUES (44, N'ổ cứng samsung ssd 128gb', 9, 1, 8000000.0000, 9600000.0000, 100, 1, NULL, N'')
INSERT [dbo].[SanPham] ([MaSanPham], [TenSanPham], [LoaiSanPham], [HangSanXuat], [GiaNhap], [GiaBan], [TonKho], [TrangThai], [Image], [ChuThich]) VALUES (45, N'ipad pro 12.9inch', 3, 13, 1800000.0000, 1960000.0000, 100, 1, NULL, N'')
INSERT [dbo].[SanPham] ([MaSanPham], [TenSanPham], [LoaiSanPham], [HangSanXuat], [GiaNhap], [GiaBan], [TonKho], [TrangThai], [Image], [ChuThich]) VALUES (46, N'samsung galaxy s6 edge plus', 2, 1, 10000000.0000, 11000000.0000, 100, 1, NULL, N'')
INSERT [dbo].[SanPham] ([MaSanPham], [TenSanPham], [LoaiSanPham], [HangSanXuat], [GiaNhap], [GiaBan], [TonKho], [TrangThai], [Image], [ChuThich]) VALUES (47, N'samsung gplus', 2, 1, 10000000.0000, 11000000.0000, 100, 1, NULL, N'')
INSERT [dbo].[SanPham] ([MaSanPham], [TenSanPham], [LoaiSanPham], [HangSanXuat], [GiaNhap], [GiaBan], [TonKho], [TrangThai], [Image], [ChuThich]) VALUES (48, N'samsung galaxy s6 edge plus', 2, 1, 10000000.0000, 11000000.0000, 100, 1, N'', N'')
INSERT [dbo].[SanPham] ([MaSanPham], [TenSanPham], [LoaiSanPham], [HangSanXuat], [GiaNhap], [GiaBan], [TonKho], [TrangThai], [Image], [ChuThich]) VALUES (49, N'nolia 1020', 1, 11, 299000.0000, 400000.0000, 100, 1, N'', N'')
SET IDENTITY_INSERT [dbo].[SanPham] OFF
SET IDENTITY_INSERT [dbo].[Users] ON 

INSERT [dbo].[Users] ([ID], [MaNhanVien], [TenDangNhap], [Password], [Quyen], [ChuThich]) VALUES (1, 1, N'oanh', N'oanh', 1, N'người có thẩm quyền cao ngất ngưởng')
INSERT [dbo].[Users] ([ID], [MaNhanVien], [TenDangNhap], [Password], [Quyen], [ChuThich]) VALUES (2, 3, N'phuong', N'phuong', 2, N'')
INSERT [dbo].[Users] ([ID], [MaNhanVien], [TenDangNhap], [Password], [Quyen], [ChuThich]) VALUES (3, 6, N'duong', N'duong', 3, N'')
INSERT [dbo].[Users] ([ID], [MaNhanVien], [TenDangNhap], [Password], [Quyen], [ChuThich]) VALUES (5, 8, N'chi', N'chi', 5, N' ')
INSERT [dbo].[Users] ([ID], [MaNhanVien], [TenDangNhap], [Password], [Quyen], [ChuThich]) VALUES (6, 10, N'khoimy', N'Khoimy', 5, N' ')

SET IDENTITY_INSERT [dbo].[Users] OFF
ALTER TABLE [dbo].[ChiTietHoaDon]  WITH CHECK ADD  CONSTRAINT [FK_ChiTietHoaDon_HoaDon] FOREIGN KEY([MaHoaDon])
REFERENCES [dbo].[HoaDon] ([MaHoaDon])
GO
ALTER TABLE [dbo].[ChiTietHoaDon] CHECK CONSTRAINT [FK_ChiTietHoaDon_HoaDon]
GO
ALTER TABLE [dbo].[ChiTietHoaDon]  WITH CHECK ADD  CONSTRAINT [FK_ChiTietHoaDon_SanPham] FOREIGN KEY([MaSanPham])
REFERENCES [dbo].[SanPham] ([MaSanPham])
GO
ALTER TABLE [dbo].[ChiTietHoaDon] CHECK CONSTRAINT [FK_ChiTietHoaDon_SanPham]
GO
ALTER TABLE [dbo].[ChiTietPhieuNhap]  WITH CHECK ADD  CONSTRAINT [FK_ChiTietPhieuNhap_PhieuNhap] FOREIGN KEY([MaPhieuNhap])
REFERENCES [dbo].[PhieuNhap] ([MaPhieuNhap])
GO
ALTER TABLE [dbo].[ChiTietPhieuNhap] CHECK CONSTRAINT [FK_ChiTietPhieuNhap_PhieuNhap]
GO
ALTER TABLE [dbo].[ChiTietPhieuNhap]  WITH CHECK ADD  CONSTRAINT [FK_ChiTietPhieuNhap_SanPham] FOREIGN KEY([MaSanPham])
REFERENCES [dbo].[SanPham] ([MaSanPham])
GO
ALTER TABLE [dbo].[ChiTietPhieuNhap] CHECK CONSTRAINT [FK_ChiTietPhieuNhap_SanPham]
GO
ALTER TABLE [dbo].[HoaDon]  WITH CHECK ADD  CONSTRAINT [FK_HoaDon_KhachHang] FOREIGN KEY([MaKhachHang])
REFERENCES [dbo].[KhachHang] ([MaKhachHang])
GO
ALTER TABLE [dbo].[HoaDon] CHECK CONSTRAINT [FK_HoaDon_KhachHang]
GO
ALTER TABLE [dbo].[HoaDon]  WITH CHECK ADD  CONSTRAINT [FK_HoaDon_NhanVien] FOREIGN KEY([MaNhanVien])
REFERENCES [dbo].[NhanVien] ([MaNhanVien])
GO
ALTER TABLE [dbo].[HoaDon] CHECK CONSTRAINT [FK_HoaDon_NhanVien]
GO
ALTER TABLE [dbo].[KhachHang]  WITH CHECK ADD  CONSTRAINT [FK_KhachHang_LoaiKhachHang] FOREIGN KEY([LoaiKhachHang])
REFERENCES [dbo].[LoaiKhachHang] ([MaLoaiKhachHang])
GO
ALTER TABLE [dbo].[KhachHang] CHECK CONSTRAINT [FK_KhachHang_LoaiKhachHang]
GO
ALTER TABLE [dbo].[NhanVien]  WITH CHECK ADD  CONSTRAINT [FK_NhanVien_ChucVu] FOREIGN KEY([ChucVu])
REFERENCES [dbo].[ChucVu] ([MaChucVu])
GO
ALTER TABLE [dbo].[NhanVien] CHECK CONSTRAINT [FK_NhanVien_ChucVu]
GO
ALTER TABLE [dbo].[PhieuNhap]  WITH CHECK ADD  CONSTRAINT [FK_PhieuNhap_NhanVien] FOREIGN KEY([MaNhanVien])
REFERENCES [dbo].[NhanVien] ([MaNhanVien])
GO
ALTER TABLE [dbo].[PhieuNhap] CHECK CONSTRAINT [FK_PhieuNhap_NhanVien]
GO
ALTER TABLE [dbo].[PhieuNhap]  WITH CHECK ADD  CONSTRAINT [FK_PhieuNhap_NhaPhanPhoi] FOREIGN KEY([MaNhaPhanPhoi])
REFERENCES [dbo].[NhaPhanPhoi] ([MaNhaPhanPhoi])
GO
ALTER TABLE [dbo].[PhieuNhap] CHECK CONSTRAINT [FK_PhieuNhap_NhaPhanPhoi]
GO
ALTER TABLE [dbo].[SanPham]  WITH CHECK ADD  CONSTRAINT [FK_SanPham_HangSanXUat] FOREIGN KEY([HangSanXuat])
REFERENCES [dbo].[HangSanXuat] ([MaHangSanXuat])
GO
ALTER TABLE [dbo].[SanPham] CHECK CONSTRAINT [FK_SanPham_HangSanXUat]
GO
ALTER TABLE [dbo].[SanPham]  WITH CHECK ADD  CONSTRAINT [FK_SanPham_LoaiSanPham] FOREIGN KEY([LoaiSanPham])
REFERENCES [dbo].[LoaiSanPham] ([MaLoaiSanPham])
GO
ALTER TABLE [dbo].[SanPham] CHECK CONSTRAINT [FK_SanPham_LoaiSanPham]
GO
ALTER TABLE [dbo].[Users]  WITH CHECK ADD  CONSTRAINT [FK_Users_NhanVien] FOREIGN KEY([MaNhanVien])
REFERENCES [dbo].[NhanVien] ([MaNhanVien])
GO
ALTER TABLE [dbo].[Users] CHECK CONSTRAINT [FK_Users_NhanVien]
GO
ALTER TABLE [dbo].[Users]  WITH CHECK ADD  CONSTRAINT [FK_Users_Quyen] FOREIGN KEY([Quyen])
REFERENCES [dbo].[Quyen] ([MaQuyen])
GO
ALTER TABLE [dbo].[Users] CHECK CONSTRAINT [FK_Users_Quyen]
GO
USE [master]
GO
ALTER DATABASE [QuanLySanPham] SET  READ_WRITE 
GO
